,City,Cloudiness,Country,Date,Humidity,Lat,Long,Max Temp,Wind Speed
0,saint-philippe,90,RE,1615615211,65,-21.3585,55.7679,84.2,20.71
1,ushuaia,75,AR,1615615214,93,-54.8,-68.3,41.0,43.73
2,ahipara,59,NZ,1615615216,85,-35.1667,173.1667,66.97,3.33
3,saint-gilles,0,FR,1615615216,81,43.6766,4.4302,46.4,2.3
4,zima,93,RU,1615615216,96,53.9202,102.0442,30.85,3.91
5,bengkulu,77,ID,1615615217,65,-3.8004,102.2655,84.81,9.62
6,cape town,40,ZA,1615615217,88,-33.9258,18.4232,68.0,13.8
7,esperance,40,AU,1615615218,48,-33.8667,121.9,66.2,14.97
8,oliveira,38,BR,1615615218,93,-20.6964,-44.8272,62.94,3.47
9,vangaindrano,16,MG,1615615219,70,-23.35,47.6,78.51,8.37
10,albany,8,US,1615615120,42,42.6001,-73.9662,32.0,7
11,anadyr,75,RU,1615615219,93,64.75,177.4833,32.0,38.03
12,saint-joseph,90,RE,1615615220,65,-21.3667,55.6167,84.2,20.71
13,umzimvubu,,,,,,,,
14,nishihara,75,JP,1615615220,48,26.1842,127.7558,69.8,11.5
15,dawei,8,MM,1615615221,43,14.0833,98.2,93.6,10.94
16,punta arenas,20,CL,1615615221,53,-53.15,-70.9167,46.4,11.5
17,ponta do sol,100,PT,1615615222,69,32.6667,-17.1,55.99,1.99
18,tawzar,,,,,,,,
19,bluff,0,NZ,1615615222,64,-46.6,168.3333,64.0,5.99
20,butaritari,75,KI,1615615223,76,3.0707,172.7902,81.55,11.27
21,bambous virieux,40,MU,1615615223,70,-20.3428,57.7575,84.99,11.5
22,busselton,0,AU,1615615223,51,-33.65,115.3333,70.0,4
23,mys shmidta,,,,,,,,
24,dera din panah,,,,,,,,
25,mar del plata,0,AR,1615615126,87,-38.0023,-57.5575,60.01,5.75
26,hilo,75,US,1615615224,78,19.7297,-155.09,73.4,9.22
27,praia da vitoria,75,PT,1615615224,94,38.7333,-27.0667,57.99,12.73
28,atuona,41,PF,1615615225,58,-9.8,-139.0333,79.74,3.42
29,kiama,64,AU,1615615225,80,-34.6833,150.8667,86.0,8.99
30,warrensburg,75,US,1615615226,93,38.7628,-93.7361,44.6,5.75
31,taolanaro,,,,,,,,
32,pindiga,65,NG,1615615226,63,9.9833,10.9333,77.49,8.79
33,puerto ayora,2,EC,1615615226,93,-0.7393,-90.3518,75.99,1.01
34,acapulco,0,MX,1615614935,76,16.8634,-99.8901,74.48,3.96
35,rikitea,86,PF,1615615227,76,-23.1203,-134.9692,79.75,9.17
36,hay river,51,CA,1615615227,65,60.8156,-115.7999,-2.2,5.75
37,vaini,75,TO,1615615228,78,-21.2,-175.2,78.8,9.22
38,tasiilaq,90,GL,1615615228,86,65.6145,-37.6368,17.6,2.3
39,fairbanks,1,US,1615614953,76,64.8378,-147.7164,-16.01,2.44
40,kalmunai,22,LK,1615615077,71,7.4167,81.8167,84.7,11.1
41,umkomaas,0,ZA,1615615229,93,-30.2067,30.7978,75.0,10.89
42,barentsburg,,,,,,,,
43,aksu,66,CN,1615615229,21,41.1231,80.2644,61.23,1.21
44,huntingdon,67,GB,1615615230,77,52.3305,-0.1865,43.0,17
45,upernavik,15,GL,1615615230,64,72.7868,-56.1549,-2.79,2.42
46,tuatapere,0,NZ,1615615230,64,-46.1333,167.6833,64.0,5.99
47,luderitz,6,NA,1615615231,64,-26.6481,15.1594,68.0,6.44
48,east london,0,ZA,1615615231,65,-33.0153,27.9116,78.8,8.05
49,tsihombe,,,,,,,,
50,san vicente,0,AR,1615615232,76,-26.6167,-54.1333,58.78,2.33
51,chengde,40,CN,1615615232,37,40.9725,117.9361,54.21,4.18
52,tutova,90,RO,1615615232,93,46.1167,27.55,33.8,12.66
53,chokurdakh,0,RU,1615615233,94,70.6333,147.9167,-17.77,2.53
54,urfa,,,,,,,,
55,vaitupu,,,,,,,,
56,mulki,40,IN,1615615233,58,13.1,74.8,89.6,3.44
57,meridian,1,US,1615615161,48,43.6121,-116.3915,39.2,4.43
58,christchurch,0,NZ,1615615209,67,-43.5333,172.6333,61.0,26.46
59,okha,59,RU,1615615234,89,53.5739,142.9478,32.36,9.53
60,hermanus,44,ZA,1615615234,88,-34.4187,19.2345,63.0,5.99
61,hithadhoo,6,MV,1615615234,61,-0.6,73.0833,83.62,4.68
62,vila velha,0,BR,1615615235,69,-20.3297,-40.2925,77.0,6.91
63,san patricio,90,US,1615615235,88,28.017,-97.5169,72.0,19.57
64,barrow,75,US,1615615236,63,71.2906,-156.7887,-18.4,16.11
65,nago,90,JP,1615615236,52,26.5881,127.9761,69.8,13.8
66,chuy,68,UY,1615615236,90,-33.6971,-53.4616,67.1,5.41
67,port alfred,60,ZA,1615615237,40,-33.5906,26.891,85.77,10.76
68,sao jose da coroa grande,14,BR,1615615237,85,-8.8978,-35.1478,76.57,8.16
69,alice springs,40,AU,1615615157,78,-23.7,133.8833,75.2,9.22
70,beloha,0,MG,1615615238,61,-25.1667,45.05,79.77,14.23
71,kawalu,100,ID,1615615238,50,-7.3817,108.2082,88.86,3.27
72,wanning,81,CN,1615615239,68,18.8003,110.3967,78.8,9.28
73,ocampo,13,MX,1615615239,69,21.65,-101.5,52.3,5.48
74,arraial do cabo,2,BR,1615615209,87,-22.9661,-42.0278,76.32,4.79
75,provideniya,100,RU,1615615240,96,64.3833,-173.3,30.15,30.87
76,jamestown,1,US,1615615240,74,42.097,-79.2353,27.0,12.77
77,auki,68,SB,1615615241,83,-8.7676,160.7034,80.38,4.61
78,brae,75,GB,1615615241,81,60.3964,-1.353,41.0,23.02
79,zhuhai,20,CN,1615615241,73,22.2769,113.5678,81.0,11.5
80,saint-francois,0,FR,1615615241,66,46.4154,3.9054,46.4,8.05
81,yulara,90,AU,1615615242,65,-25.2406,130.9889,77.0,12.66
82,port elizabeth,0,ZA,1615615242,88,-33.918,25.5701,71.6,4.61
83,bundaberg,75,AU,1615615242,69,-24.85,152.35,84.99,14.97
84,lewistown,1,US,1615615243,39,40.5992,-77.5714,42.8,13.8
85,rio grande,99,BR,1615615243,81,-32.035,-52.0986,69.55,6.38
86,georgetown,20,MY,1615615032,66,5.4112,100.3354,87.8,9.22
87,balabac,100,PH,1615615243,82,7.9868,117.0645,79.86,9.24
88,kruisfontein,28,ZA,1615615243,46,-34.0033,24.7314,77.31,7.45
89,hobart,90,AU,1615615118,42,-42.8794,147.3294,66.2,21.85
90,jiuquan,60,CN,1615615244,13,39.7432,98.5174,63.34,21
91,skibbereen,75,IE,1615615244,93,51.55,-9.2667,33.8,14.97
92,mahebourg,40,MU,1615615244,70,-20.4081,57.7,84.2,11.5
93,siquirres,60,CR,1615615245,59,10.0975,-83.5066,64.99,13
94,nikolskoye,90,RU,1615615245,93,59.7035,30.7861,35.6,6.71
95,genhe,1,CN,1615615245,93,50.7833,121.5167,33.13,4.14
96,mahendragarh,56,IN,1615615245,29,28.2833,76.15,84.33,2.84
97,prince rupert,90,CA,1615615246,100,54.3161,-130.3201,42.8,20.71
98,carnarvon,0,AU,1615615246,32,-24.8667,113.6333,96.8,11.5
99,komsomolskiy,100,UZ,1615615246,54,40.4272,71.7189,57.2,4.61
100,dudinka,100,RU,1615615246,95,69.4058,86.1778,2.35,16.62
101,sampit,28,ID,1615615247,80,-2.5333,112.95,84.94,5.41
102,vao,62,NC,1615615247,75,-22.6667,167.4833,77.63,19.84
103,garissa,72,KE,1615615247,68,-0.4536,39.6401,78.69,8.79
104,narsaq,75,GL,1615615247,44,60.9167,-46.05,12.2,3.44
105,wloclawek,97,PL,1615615248,90,52.6482,19.0678,36.0,13.67
106,khatanga,100,RU,1615615248,93,71.9667,102.5,-9.24,12.82
107,saskylakh,9,RU,1615615248,88,71.9167,114.0833,-12.95,15.7
108,talcahuano,0,CL,1615615092,94,-36.7167,-73.1167,55.4,2.3
109,dikson,100,RU,1615615249,92,73.5069,80.5464,-14.13,26.75
110,avarua,40,CK,1615615249,88,-21.2078,-159.775,77.0,3.44
111,kapaa,75,US,1615615249,100,22.0752,-159.319,75.0,11.5
112,te anau,0,NZ,1615615249,61,-45.4167,167.7167,62.89,7.65
113,northam,81,GB,1615615250,79,51.0333,-4.2167,46.0,15.99
114,morant bay,20,JM,1615615250,69,17.8815,-76.4093,78.8,3.44
115,karamea,,,,,,,,
116,lompoc,75,US,1615615250,93,34.6391,-120.4579,50.0,5.08
117,lorengau,32,PG,1615615251,63,-2.0226,147.2712,85.1,5.17
118,haines junction,99,CA,1615615251,55,60.7522,-137.5108,3.2,8.05
119,nyurba,100,RU,1615615251,93,63.2842,118.3319,17.89,9.44
120,longyearbyen,75,SJ,1615615236,79,78.2186,15.6401,12.2,2.3
121,ixtapa,1,MX,1615615252,94,20.7,-105.2,70.0,2.44
122,bargal,,,,,,,,
123,tuktoyaktuk,90,CA,1615615252,77,69.4541,-133.0374,-7.6,14.97
124,amderma,,,,,,,,
125,castro,25,BR,1615615252,98,-24.7911,-50.0119,61.39,4.38
126,ancud,0,CL,1615615252,87,-41.8697,-73.8203,48.2,4.61
127,sataua,,,,,,,,
128,bredasdorp,23,ZA,1615615253,94,-34.5322,20.0403,53.6,5.75
129,beba,20,CU,1615615253,94,22.4437,-79.7253,64.4,5.75
130,tezu,0,IN,1615615253,26,27.9167,96.1667,92.19,5.35
131,itaueira,38,BR,1615615253,95,-7.6033,-43.0256,70.74,2.46
132,pisco,40,PE,1615615254,94,-13.7,-76.2167,70.0,3.44
133,sibolga,15,ID,1615615254,69,1.7427,98.7792,85.32,6.04
134,belushya guba,,,,,,,,
135,gat,27,IL,1615614964,100,31.61,34.7642,55.99,1.99
136,touros,40,BR,1615615254,88,-5.1989,-35.4608,75.2,3.44
137,katobu,49,ID,1615615254,56,-4.9408,122.5276,88.34,4.79
138,tessalit,26,ML,1615615074,50,20.1986,1.0114,56.52,6.96
139,eufaula,1,US,1615615218,82,31.8913,-85.1455,57.0,2.04
140,aleksandrov gay,4,RU,1615615255,82,50.147,48.5704,12.52,8.63
141,cranbrook,75,CA,1615615216,51,49.4999,-115.7688,35.6,8.05
142,filadelfia,40,US,1615615017,16,39.9523,-75.1638,55.4,13.8
143,new norfolk,90,AU,1615615255,42,-42.7826,147.0587,66.2,21.85
144,ribeira grande,100,PT,1615615255,81,38.5167,-28.7,60.51,17.49
145,tazmalt,11,DZ,1615615256,79,36.3868,4.3989,47.5,1.3
146,mataura,0,NZ,1615615252,64,-46.1927,168.8643,64.0,5.99
147,nogliki,45,RU,1615615256,90,51.8333,143.1667,33.98,11.03
148,henties bay,20,NA,1615615044,96,-22.116,14.2845,60.01,3
149,dingle,98,PH,1615615256,86,10.9995,122.6711,80.24,8.79
150,redlands,90,US,1615615153,71,34.0556,-117.1825,46.4,1.21
151,lincoln,90,US,1615615256,45,40.8,-96.667,44.6,8.05
152,kaitangata,0,NZ,1615615257,70,-46.2817,169.8464,64.0,5.99
153,toftir,,,,,,,,
154,geraldton,0,AU,1615615257,27,-28.7667,114.6,89.6,17.27
155,otane,65,NZ,1615615257,69,-39.8833,176.6333,64.0,1.01
156,iqaluit,75,CA,1615615258,69,63.7506,-68.5145,-16.01,13.8
157,kodiak,1,US,1615615258,36,57.79,-152.4072,23.0,19.57
158,kumluca,3,TR,1615615258,48,36.3703,30.2869,58.24,2.39
159,kavaratti,0,IN,1615615258,63,10.5669,72.642,83.66,5.93
160,porbandar,56,IN,1615615259,38,21.6422,69.6093,86.92,3.22
161,las vegas,90,US,1615614484,76,36.175,-115.1372,46.0,3.44
162,semnan,100,IR,1615615259,69,35.5729,53.3971,31.5,7.31
163,fort saint john,,,,,,,,
164,santa vitoria do palmar,20,BR,1615615032,92,-33.5189,-53.3681,66.65,3.24
165,phan rang,,,,,,,,
166,ulaangom,77,MN,1615615259,80,49.9811,92.0667,26.58,2.91
167,bubaque,46,GW,1615615259,63,11.2833,-15.8333,77.68,5.5
168,salalah,0,OM,1615615260,69,17.0151,54.0924,78.8,2.3
169,qaanaaq,99,GL,1615615260,67,77.484,-69.3632,-1.89,4.74
170,kavieng,41,PG,1615615260,60,-2.5744,150.7967,83.98,6.11
171,saint-augustin,98,CA,1615615260,84,51.226,-58.6502,22.95,17.78
172,shizuishan,0,CN,1615615261,20,39.2333,106.7694,69.33,17.45
173,omboue,99,GA,1615615261,92,-1.5746,9.2618,73.63,4.88
174,severo-kurilsk,94,RU,1615615261,79,50.6789,156.125,27.37,23.24
175,esso,17,RU,1615615261,83,55.9333,158.7,8.29,9.46
176,vostok,1,RU,1615615262,89,46.4856,135.8833,37.11,1.88
177,sentyabrskiy,,,,,,,,
178,valparaiso,0,CL,1615615252,80,-33.0393,-71.6273,61.0,0.69
179,conakry,20,GN,1615615262,83,9.538,-13.6773,78.8,6.49
180,acucena,0,BR,1615615262,96,-19.0731,-42.5464,66.43,1.5
181,gizo,87,SB,1615615042,64,-8.103,156.8419,84.18,3.27
182,zeya,43,RU,1615615263,90,53.75,127.2667,36.59,2.73
183,nizhneyansk,,,,,,,,
184,saleaula,,,,,,,,
185,oistins,40,BB,1615615263,73,13.0667,-59.5333,77.0,17.27
186,dabola,63,GN,1615615263,40,10.75,-11.1167,70.36,1.52
187,vestmanna,40,FO,1615615263,81,62.1564,-7.1664,39.2,14.97
188,ijaki,,,,,,,,
189,port lincoln,32,AU,1615615264,55,-34.7333,135.8667,61.9,21.5
190,coahuayana,0,MX,1615615264,53,18.7333,-103.6833,70.95,3.27
191,wahran,,,,,,,,
192,mayumba,99,GA,1615615264,84,-3.432,10.6554,77.09,4.18
193,thompson,40,CA,1615615265,73,55.7435,-97.8558,15.8,3.44
194,chimbote,18,PE,1615615265,80,-9.0853,-78.5783,72.12,7.36
195,sidvokodvo,41,SZ,1615615265,87,-26.6282,31.4202,72.95,2.01
196,atar,46,MR,1615615265,19,20.5169,-13.0499,60.01,8.77
197,itoman,40,JP,1615615266,56,26.1247,127.6694,69.01,16.11
198,caravelas,0,BR,1615615266,85,-17.7125,-39.2481,71.17,4.38
199,constitucion,0,CL,1615615257,66,-35.3333,-72.4167,58.21,2.13
200,torbay,1,CA,1615615266,80,47.6666,-52.7314,37.0,25.32
201,quatre cocos,40,MU,1615615266,70,-20.2078,57.7625,84.99,11.5
202,norman wells,75,CA,1615615267,65,65.282,-126.8329,-4.0,11.5
203,chagda,,,,,,,,
204,beringovskiy,70,RU,1615615267,92,63.05,179.3167,27.5,17.36
205,benjamin aceval,0,PY,1615615267,68,-24.9667,-57.5667,71.6,4.61
206,umm kaddadah,48,SD,1615615267,15,13.6017,26.6876,79.56,28.1
207,cherskiy,95,RU,1615615268,92,68.75,161.3,-7.02,17.47
208,aklavik,99,CA,1615615268,77,68.2191,-135.0107,-13.0,5.75
209,beaverlodge,75,CA,1615615268,80,55.2166,-119.4361,32.0,5.75
210,pocoes,6,BR,1615615269,97,-14.5297,-40.3653,58.64,2.8
211,attawapiskat,,,,,,,,
212,nguiu,,,,,,,,
213,kahului,75,US,1615615269,94,20.8947,-156.47,71.6,19.57
214,yar-sale,95,RU,1615615269,81,66.8333,70.8333,-5.49,17.56
215,kamaishi,75,JP,1615615270,93,39.2667,141.8833,41.0,5.75
216,alofi,23,NU,1615615270,78,-19.0595,-169.9187,78.8,2.3
217,hasaki,75,JP,1615615270,88,35.7333,140.8333,57.2,24.16
218,oum hadjer,20,TD,1615615229,10,13.2954,19.6966,83.89,15.52
219,la macarena,75,CO,1615615271,85,2.1837,-73.7849,69.58,0.76
220,finschhafen,11,PG,1615615271,74,-6.6024,147.8681,85.57,11.27
221,saint george,40,US,1615615258,87,37.1041,-113.5841,39.0,4.61
222,chapais,90,CA,1615615066,72,49.7834,-74.8492,3.2,13.8
223,karauzyak,,,,,,,,
224,college,1,US,1615615271,76,64.8569,-147.8028,-16.01,2.33
225,mackay,7,AU,1615615272,70,-21.15,149.2,84.2,10.36
226,ob,,,,,,,,
227,mount gambier,90,AU,1615615272,67,-37.8333,140.7667,60.8,21.85
228,kajaani,90,FI,1615615272,86,64.2273,27.7285,21.2,5.75
229,kenai,1,US,1615615272,52,60.5544,-151.2583,12.2,5.75
230,marsa matruh,75,EG,1615615273,58,31.3525,27.2453,57.2,10.36
231,shelburne,9,CA,1615615210,75,44.0787,-80.2041,24.01,12.53
232,pleasanton,1,US,1615615207,71,37.6624,-121.8747,51.01,3.36
233,lloydminster,75,CA,1615615273,64,53.2835,-110.0016,33.8,12.66
234,wulanhaote,,,,,,,,
235,cabo san lucas,68,MX,1615615151,71,22.8909,-109.9124,64.99,1.99
236,sorvag,,,,,,,,
237,ostrovnoy,100,RU,1615615009,92,68.0531,39.5131,11.95,15.48
238,nanortalik,92,GL,1615615273,56,60.1432,-45.2371,15.53,7.61
239,formoso do araguaia,,,,,,,,
240,souillac,40,MU,1615615274,70,-20.5167,57.5167,84.2,11.5
241,tiksi,100,RU,1615615274,92,71.6872,128.8694,-9.27,9.62
242,hjelset,48,NO,1615615274,80,62.7833,7.4833,32.0,5.75
243,talnakh,100,RU,1615615274,97,69.4865,88.3972,-8.23,19.19
244,santa eulalia del rio,,,,,,,,
245,la paz,40,BO,1615615202,100,-16.5,-68.15,37.4,6.91
246,berlevag,99,NO,1615615275,84,70.8578,29.0864,19.85,12.88
247,sitka,75,US,1615615275,80,57.0531,-135.33,30.2,3.44
248,pascagoula,90,US,1615615275,100,30.3658,-88.5561,57.2,5.46
249,hervey bay,12,AU,1615615275,87,-25.2986,152.8535,75.99,8.99
250,palmer,1,US,1615615276,38,42.1584,-72.3287,42.8,19.57
251,beyneu,100,KZ,1615615276,47,45.3167,55.2,21.81,11.1
252,yellowknife,1,CA,1615615276,71,62.456,-114.3525,-2.0,11.5
253,kudahuvadhoo,29,MV,1615615009,72,2.6708,72.8944,83.39,10.07
254,icod de los vinos,58,ES,1615615276,60,28.3724,-16.7119,63.0,11.27
255,pangody,100,RU,1615615277,87,65.85,74.4859,15.87,23.49
256,tidore,,,,,,,,
257,sao filipe,0,CV,1615615277,74,14.8961,-24.4956,69.1,2.35
258,bathsheba,40,BB,1615615012,73,13.2167,-59.5167,77.0,17.27
259,vygonichi,90,RU,1615615277,86,53.0985,34.0673,24.8,11.18
260,lata,68,PT,1615615277,86,40.1629,-8.3327,48.99,3.04
261,mahibadhoo,51,MV,1615615278,71,3.7833,72.9667,83.7,11.54
262,illoqqortoormiut,,,,,,,,
263,uige,100,AO,1615615278,97,-7.6087,15.0613,67.73,1.14
264,ballina,20,AU,1615615278,65,-28.8667,153.5667,82.4,17.27
265,barcelos,75,PT,1615615278,93,41.5388,-8.6151,46.4,5.75
266,ilulissat,45,GL,1615615279,52,69.2167,-51.1,8.6,8.05
267,tottori,75,JP,1615615064,76,35.5,134.2333,50.0,25.32
268,saldanha,50,ZA,1615615275,88,-33.0117,17.9442,62.6,6.91
269,marcona,,,,,,,,
270,bethel,1,US,1615615259,36,41.3712,-73.414,51.8,18.41
271,medicine hat,1,CA,1615615071,64,50.0501,-110.6683,33.8,5.75
272,kazalinsk,,,,,,,,
273,pionerskiy,90,RU,1615615279,87,54.9508,20.2275,37.4,11.18
274,mount isa,61,AU,1615615279,33,-20.7333,139.5,93.2,11.5
275,clyde river,90,CA,1615615280,77,70.4692,-68.5914,-4.0,16.11
276,khormuj,,,,,,,,
277,udimskiy,79,RU,1615615280,91,61.1417,45.9144,13.78,13.02
278,merauke,72,ID,1615615280,76,-8.4667,140.3333,83.28,7.36
279,fougamou,98,GA,1615615280,97,-1.2154,10.5838,72.03,1.25
280,dunedin,0,NZ,1615615213,77,-45.8742,170.5036,61.0,11.99
281,daru,88,PG,1615615281,68,-9.0763,143.2092,84.72,7.65
282,wewak,85,PG,1615615281,69,-3.5534,143.6268,84.99,8.34
283,verkhoyansk,22,RU,1615615272,76,67.5447,133.385,-2.43,1.86
284,namibe,97,AO,1615615281,87,-15.1961,12.1522,74.08,4.25
285,ilhabela,29,BR,1615615281,90,-23.7781,-45.3581,75.0,0.22
286,garoua,77,CM,1615615282,50,9.3,13.4,85.39,10.65
287,nelson bay,13,AU,1615615058,54,-32.7167,152.15,86.0,13.8
288,hambantota,75,LK,1615615282,79,6.1241,81.1185,86.0,12.66
289,bilma,0,NE,1615615282,8,18.6853,12.9164,77.7,15.03
290,meyungs,,,,,,,,
291,sorland,97,NO,1615615282,95,67.667,12.6934,38.46,24.45
292,san quintin,1,MX,1615615283,70,30.4833,-115.95,51.96,11.27
293,jinchang,1,CN,1615615283,12,38.4953,102.1739,65.73,7.74
294,havoysund,90,NO,1615615283,73,70.9963,24.6622,21.2,6.91
295,pachino,75,IT,1615615283,93,36.7186,15.0907,50.0,1.14
296,podstepki,0,RU,1615615284,72,53.5151,49.1355,8.6,4.47
297,ajuchitlan,1,MX,1615615284,55,20.7167,-100.0167,62.6,10.36
298,matadi,100,CD,1615615284,94,-5.8167,13.45,77.22,1.14
299,birao,68,CF,1615615284,12,10.2849,22.7882,82.76,11.48
300,san ramon,1,US,1615615222,71,37.7799,-121.978,50.0,3.29
301,calgary,1,CA,1615615203,36,51.0501,-114.0853,44.6,5.82
302,tay ninh,0,VN,1615615285,27,11.3,106.1,96.73,7.58
303,merida,1,MX,1615615025,64,20.9667,-89.6167,73.99,6.91
304,larreynaga,16,NI,1615615285,75,12.6769,-86.5719,72.84,3.49
305,susangerd,0,IR,1615615285,59,31.5608,48.1831,62.6,4.61
306,lolua,,,,,,,,
307,cajueiro,97,BR,1615615286,92,-9.7167,-36.45,70.99,4.29
308,sioux lookout,90,CA,1615615286,54,50.1001,-91.917,23.0,8.05
309,grindavik,40,IS,1615615041,80,63.8424,-22.4338,28.4,18.41
310,olhao,0,PT,1615615286,76,37.0286,-7.8411,50.0,8.05
311,kismayo,80,SO,1615615286,66,-0.3582,42.5454,82.42,12.06
312,risor,39,NO,1615615287,95,58.7206,9.2342,33.01,3.85
313,ginda,0,IN,1615615287,32,30.6945,78.4932,80.6,4.61
314,arman,0,RU,1615615287,66,59.7,150.1667,12.96,7.56
315,makushino,99,RU,1615615287,92,55.2103,67.2442,8.17,12.19
316,miramar,75,US,1615615288,68,25.9873,-80.2323,73.4,10.36
317,mocambique,,,,,,,,
318,mmathubudukwane,0,BW,1615615288,77,-24.6,26.4333,66.2,6.91
319,san lawrenz,20,MT,1615615288,82,36.0553,14.204,54.0,4.61
320,tilichiki,100,RU,1615615288,85,60.4667,166.1,12.63,19.57
321,fortuna,90,US,1615615289,87,40.5982,-124.1573,48.0,3.2
322,dedougou,15,BF,1615615289,18,12.4667,-3.4667,68.36,9.13
323,hobyo,69,SO,1615615289,65,5.3505,48.5268,82.31,16.24
324,dungarpur,3,IN,1615615289,21,23.8333,73.7167,88.16,8.93
325,srednekolymsk,100,RU,1615615290,94,67.45,153.6833,-5.76,6.49
326,buraydah,3,SA,1615614997,58,26.326,43.975,59.0,4.61
327,meulaboh,44,ID,1615615290,61,4.1363,96.1285,86.65,7.38
328,meadow lake,20,US,1615615290,9,34.8014,-106.5436,53.01,11.5
329,roald,0,NO,1615615290,70,62.5833,6.1333,39.2,5.75
330,garowe,1,SO,1615615291,54,8.4054,48.4845,74.61,11.01
331,mogapi,75,BW,1615615291,94,-22.323,27.8349,68.0,12.66
332,suamico,1,US,1615615291,74,44.6319,-88.0393,28.0,0.25
333,tupik,96,RU,1615615291,93,54.4253,119.9327,35.01,7.56
334,magadan,0,RU,1615615292,71,59.5667,150.8,10.42,7.96
335,ulaanbaatar,75,MN,1615615292,19,47.9077,106.8832,53.6,4.47
336,taman,40,RU,1615615292,56,45.2117,36.7161,41.0,6.71
337,westport,20,US,1615615292,30,41.1415,-73.3579,51.8,18.41
338,sao joao da barra,27,BR,1615615293,90,-21.6403,-41.0511,75.25,1.16
339,mopti,33,ML,1615615293,25,14.6667,-4,62.96,10.13
340,taltal,11,CL,1615615293,90,-25.4,-70.4833,63.88,2.66
341,nantucket,15,US,1615615139,68,41.2835,-70.0995,41.72,22.73
342,iracoubo,100,GF,1615615293,91,5.4802,-53.2011,73.04,3.74
343,dzhebariki-khaya,86,RU,1615615294,77,62.2167,135.8,10.42,2.93
344,sao felix do xingu,99,BR,1615615294,96,-6.6447,-51.995,71.08,0.4
345,aykhal,100,RU,1615615294,91,66.0,111.5,9.21,11.12
346,alindao,100,CF,1615615294,79,5.0267,21.2088,75.33,2.89
347,tumannyy,,,,,,,,
348,port hardy,90,CA,1615615060,76,50.6996,-127.4199,46.4,19.57
349,pen,53,IN,1615615295,22,18.75,73.0833,93.2,9.22
350,victoria,20,HK,1615615240,50,22.2855,114.1577,80.01,12.66
351,ampanihy,0,MG,1615615295,60,-24.7,44.75,79.29,10.25
352,tarrafal,20,CV,1615615295,63,15.2833,-23.7667,66.2,11.5
353,grand centre,,,,,,,,
354,mbandaka,100,CD,1615615296,93,0.0487,18.2603,73.27,4.5
355,axim,96,GH,1615615296,86,4.8699,-2.2405,79.97,7.18
356,umm ruwabah,,,,,,,,
357,malanje,100,AO,1615615296,95,-9.5402,16.341,64.9,0.76
358,plavsk,100,RU,1615615296,92,53.7094,37.2919,20.01,18.14
359,pacific grove,0,US,1615615297,88,36.6177,-121.9166,52.0,5.37
360,qasigiannguit,84,GL,1615615297,52,68.8193,-51.1922,8.6,8.05
361,waw,62,SS,1615615297,32,7.7029,27.9953,87.75,2.3
362,angoram,77,PG,1615615298,79,-4.0625,144.0661,85.05,5.35
363,machali,0,CL,1615615298,53,-34.1833,-70.6667,60.39,1.57
364,kpandu,100,GH,1615615298,82,6.9954,0.2931,78.8,2.68
365,nouadhibou,79,MR,1615615298,46,20.931,-17.0347,66.24,11.81
366,samusu,,,,,,,,
367,vanimo,74,PG,1615615278,78,-2.6741,141.3028,83.34,4.29
368,fort nelson,90,CA,1615615208,53,58.8053,-122.7002,21.2,10.36
369,mehamn,99,NO,1615615299,82,71.0357,27.8492,18.01,7.2
370,santa maria,9,BR,1615615299,74,-29.6842,-53.8069,61.56,2.95
371,tombouctou,1,ML,1615615299,44,20.0,-3,61.16,10.94
372,tura,0,IN,1615615299,17,25.5198,90.2201,92.19,7.52
373,broken hill,40,AU,1615615099,50,-31.95,141.4333,77.0,27.63
374,lasa,0,IT,1615615300,74,46.6166,10.7002,34.0,6.91
375,vestmannaeyjar,93,IS,1615615300,63,63.4427,-20.2734,33.21,28.59
376,dukat,100,RU,1615615300,94,62.55,155.55,-8.37,6.38
377,kyra,19,RU,1615615300,32,49.5776,111.9753,49.86,8.41
378,bondo,93,CD,1615615207,77,3.8146,23.6866,74.8,2.48
379,pevek,100,RU,1615615301,95,69.7008,170.3133,8.24,8.75
380,xining,0,CN,1615615301,11,36.6167,101.7667,59.34,3.09
381,khash,0,IR,1615615301,17,28.2211,61.2158,75.72,34.25
382,mabaruma,93,GY,1615615301,98,8.2,-59.7833,72.43,3.06
383,belmonte,0,BR,1615615302,83,-15.8631,-38.8828,69.8,2.3
384,shingu,75,JP,1615615302,58,33.7333,135.9833,59.0,28.77
385,kaspiyskiy,42,RU,1615615302,61,45.3929,47.3707,27.09,14.85
386,avera,1,US,1615615302,94,33.194,-82.5271,62.01,5.88
387,cockburn town,20,TC,1615615303,75,21.4612,-71.1419,76.05,17.96
388,mercedes,83,AR,1615615303,90,-34.6515,-59.4307,64.99,6.67
389,adrar,89,MR,1615615303,17,20.5022,-10.0711,60.64,9.91
390,camopi,100,GF,1615615303,99,3.1655,-52.3158,70.12,1.72
391,san andres,20,CO,1615615246,78,12.5847,-81.7006,80.6,13.8
392,pokrovsk-uralskiy,,,,,,,,
393,kyshtovka,40,RU,1615615304,88,56.555,76.6271,3.85,10.63
394,moranbah,7,AU,1615615304,35,-22.0016,148.0466,92.34,10.56
395,arequipa,92,PE,1615615270,86,-16.3989,-71.535,56.68,1.5
396,gombong,100,ID,1615615304,55,-7.6072,109.5142,88.86,8.25
397,guajara-mirim,,,,,,,,
398,tzaneen,75,ZA,1615615304,88,-23.8332,30.1635,62.6,9.22
399,leningradskiy,100,RU,1615615305,85,69.3833,178.4167,18.48,10.16
400,juybar,90,IR,1615615305,100,36.6412,52.9124,35.6,11.5
401,kununurra,40,AU,1615615305,59,-15.7667,128.7333,93.2,5.75
402,olinda,40,BR,1615615305,69,-8.0089,-34.8553,78.8,9.22
403,bamako,32,ML,1615615306,17,12.65,-8,73.4,16.11
404,amga,100,RU,1615615306,86,60.8953,131.9608,19.15,7.2
405,faya,0,SA,1615615306,51,18.3851,42.4509,64.4,6.91
406,champerico,71,GT,1615615306,94,14.3,-91.9167,66.0,7.94
407,la ronge,88,CA,1615615307,68,55.1001,-105.2842,24.8,3.44
408,conceicao da barra,0,BR,1615615307,89,-18.5933,-39.7322,71.08,3.51
409,takob,,,,,,,,
410,ndele,93,CF,1615615307,54,8.4109,20.6473,76.86,1.41
411,natchez,1,US,1615615307,77,31.5604,-91.4032,68.0,8.05
412,bandarbeyla,22,SO,1615615308,66,9.4942,50.8122,80.19,10.45
413,camacari,40,BR,1615615222,83,-12.6975,-38.3242,77.0,2.3
414,paysandu,66,UY,1615615308,84,-32.3214,-58.0756,71.01,3
415,faanui,44,PF,1615615308,63,-16.4833,-151.75,83.34,1.1
416,coquimbo,90,CL,1615615308,82,-29.9533,-71.3436,60.8,1.14
417,funtua,78,NG,1615615309,19,11.5233,7.3081,69.75,3.67
418,port augusta,90,AU,1615615309,59,-32.5,137.7667,66.2,26.46
419,alihe,0,CN,1615615309,55,50.5667,123.7167,43.57,5.79
420,pirgos,15,GR,1615615309,68,35.1167,25.7178,55.0,1.81
421,punta alta,19,AR,1615615240,38,-38.8759,-62.0736,69.17,9.1
422,turka,30,UA,1615615310,85,49.1541,23.0297,34.0,8.52
423,chunskiy,100,RU,1615615310,73,56.0815,99.6342,21.81,2.51
424,cidreira,49,BR,1615615310,81,-30.1811,-50.2056,70.2,6.89
425,portoferraio,0,IT,1615615310,82,42.8115,10.3146,54.0,7.16
426,vakhrushev,10,RU,1615615311,93,48.9833,142.9667,34.75,8.52
427,klaksvik,40,FO,1615615311,81,62.2266,-6.589,39.2,14.97
428,jacqueville,20,CI,1615615311,94,5.2052,-4.4146,80.6,6.91
429,nome,90,US,1615615311,85,64.5011,-165.4064,3.2,24.16
430,mecca,0,SA,1615615022,31,21.4267,39.8261,83.01,5.41
431,moree,40,AU,1615615312,42,-29.4667,149.85,87.8,12.66
432,lexington,90,US,1615615166,57,37.9887,-84.4777,50.0,5.75
433,soe,92,ID,1615615312,85,-9.8607,124.284,76.1,3.78
434,solnechnyy,7,RU,1615615312,79,50.7214,136.6319,40.41,6.93
435,langarud,90,IR,1615615312,100,37.197,50.1535,41.0,4.61
436,juneau,40,US,1615615312,86,58.3019,-134.4197,24.8,6.42
437,isiro,100,CD,1615615255,49,2.7739,27.616,78.48,2.53
438,diamantino,100,BR,1615615035,92,-14.4086,-56.4461,71.38,2.84
439,chumikan,100,RU,1615615313,89,54.7183,135.315,34.61,15.7
440,lebu,1,CL,1615615313,87,-37.6167,-73.65,55.56,10
441,cabedelo,40,BR,1615615250,88,-6.9811,-34.8339,77.0,10.69
442,naze,40,JP,1615615068,56,28.3667,129.4833,68.0,13.8
443,caidian,20,CN,1615615313,59,30.5833,114.0333,62.6,6.71
444,morden,30,CA,1615615078,60,49.1919,-98.1014,39.2,6.91
445,te karaka,67,NZ,1615615314,71,-38.4654,177.8679,60.69,4.63
446,yamada,100,JP,1615615172,96,39.4667,141.95,43.11,7.49
447,tabalosos,45,PE,1615615314,96,-6.35,-76.6833,63.23,3.36
448,nanzhang,66,CN,1615615314,65,31.7765,111.8386,65.46,5.08
449,moron,72,AR,1615615314,76,-34.6534,-58.6198,71.01,1.99
450,petropavlovsk-kamchatskiy,0,RU,1615615092,46,53.0452,158.6483,23.0,20.13
451,ust-nera,83,RU,1615615315,93,64.5667,143.2,-8.82,4.63
452,tabuk,91,PH,1615615315,75,17.4189,121.4443,79.32,5.39
453,boddam,84,GB,1615615315,93,57.4667,-1.7833,32.0,4.61
454,codrington,100,AU,1615615316,67,-38.2667,141.9667,58.66,17.36
455,yilan,75,TW,1615615316,60,24.757,121.753,71.6,16.11
456,padang,20,ID,1615615316,70,-0.9492,100.3543,86.0,5.75
457,camacha,75,PT,1615615316,88,33.0833,-16.3333,59.0,12.66
458,inderborskiy,,,,,,,,
459,tautira,40,PF,1615615317,83,-17.7333,-149.15,82.0,5.75
460,yuty,0,PY,1615615317,62,-26.6,-56.25,63.72,3.62
461,bulgan,13,MN,1615615317,22,48.8125,103.5347,51.64,5.75
462,airai,91,TL,1615615317,87,-8.9266,125.4092,70.25,0.74
463,egvekinot,100,RU,1615615318,97,66.3167,-179.1667,25.81,22.91
464,wahiawa,75,US,1615615318,94,21.5028,-158.0236,70.0,3.44
465,bima,76,ID,1615615318,84,-8.4667,118.7167,84.31,2.98
466,lavrentiya,100,RU,1615615318,92,65.5833,-171,16.72,22.5
467,san miguel,1,SV,1615615318,65,13.4833,-88.1833,75.96,1.43
468,santiago,0,CL,1615615206,55,-33.4569,-70.6483,66.99,6.91
469,comandau,100,RO,1615615319,97,45.7667,26.2667,35.01,4.79
470,ukiah,1,US,1615615204,57,39.1502,-123.2078,48.2,2.21
471,cayenne,90,GF,1615615319,94,4.9333,-52.3333,73.4,2.15
472,gangotri,,,,,,,,
473,tambo grande,100,PE,1615615319,60,-4.9269,-80.3447,79.25,3.87
474,nabire,98,ID,1615615320,87,-3.3667,135.4833,78.75,3.47
475,puerto del rosario,40,ES,1615615320,67,28.5004,-13.8627,62.6,18.41
476,manoel urbano,53,BR,1615615320,94,-8.8389,-69.2597,69.58,1.52
477,broome,20,US,1615615320,54,42.2506,-75.833,28.0,25.32
478,byron bay,14,AU,1615615321,65,-28.65,153.6167,80.6,17.27
479,puerto salgar,96,CO,1615615321,96,5.463,-74.6544,72.79,2.37
480,zulueta,0,ES,1615615321,100,42.7451,-1.5793,34.0,2.3
481,moroni,26,KM,1615615321,75,-11.7022,43.2551,82.81,1.97
482,lagoa,100,PT,1615615321,82,39.05,-27.9833,59.32,16.6
483,kosh-agach,84,RU,1615615322,76,50.0,88.6667,35.08,22.41
484,vrangel,64,RU,1615615322,62,42.7297,133.0839,39.51,9.19
485,seoul,0,KR,1615615123,38,37.5683,126.9778,59.0,5.75
486,eldikan,,,,,,,,
487,katsuura,75,JP,1615615322,88,35.1333,140.3,60.8,16.11
488,ndouci,,,,,,,,
489,bonavista,23,CA,1615615291,75,48.6499,-53.1147,36.0,11.5
490,japura,85,ID,1615615323,51,-0.3167,102.35,91.02,3.06
491,nuuk,20,GL,1615615323,67,64.1835,-51.7216,15.8,16.11
492,palabuhanratu,,,,,,,,
493,koryukivka,99,UA,1615615323,97,51.7688,32.2481,29.55,7.81
494,huilong,46,CN,1615615323,68,31.8111,121.655,57.99,10.38
495,grand river south east,,,,,,,,
496,idlib,0,SY,1615615324,75,35.9306,36.6339,39.2,2.3
497,hami,100,CN,1615615038,21,42.8,93.45,60.6,5.5
498,tapaua,,,,,,,,
499,abnub,0,EG,1615615286,50,27.2696,31.1511,53.6,9.22
500,aswan,31,EG,1615615324,35,24.0934,32.907,64.17,11.61
501,qaqortoq,75,GL,1615615026,44,60.7167,-46.0333,12.2,4.61
502,fort frances,1,CA,1615615189,50,48.5999,-93.4003,26.6,8.05
503,temozon,5,MX,1615615324,87,20.8,-88.2167,66.0,3.24
504,port hawkesbury,1,CA,1615615325,56,45.6169,-61.3485,37.4,11.5
505,magalia,1,US,1615615325,43,39.8121,-121.5783,50.0,7.99
506,fare,40,PF,1615615325,66,-16.7,-151.0167,83.26,3.13
507,jasper,90,US,1615615325,93,37.2001,-94.3502,48.99,6.91
508,lancaster,1,US,1615615326,28,40.2504,-76.2499,51.8,14.97
509,ambalavao,38,MG,1615615326,68,-21.8333,46.9333,68.47,5.1
510,visnes,90,NO,1615615326,87,59.3556,5.2242,39.2,8.05
511,muros,98,ES,1615615326,90,42.7762,-9.0603,48.99,4
512,cody,1,US,1615615099,54,44.5263,-109.0565,28.0,4.61
513,isangel,75,VU,1615615263,70,-19.55,169.2667,84.2,9.22
514,ewa beach,90,US,1615615327,100,21.3156,-158.0072,69.8,13.8
515,mweka,100,CD,1615615327,96,-4.85,21.5667,71.19,3.06
516,houma,90,US,1615615327,94,29.5958,-90.7195,69.01,4.61
517,becerril,45,CO,1615615328,65,9.7041,-73.2793,76.06,4.27
518,zhigalovo,100,RU,1615615328,87,54.8097,105.1578,34.34,0.96
519,namatanai,53,PG,1615615328,68,-3.6667,152.4333,83.89,7.14
520,tshikapa,100,CD,1615615328,94,-6.4167,20.8,73.06,1.03
521,krasnoselkup,100,RU,1615615329,92,65.7,82.4667,10.96,25.64
522,nava,52,MX,1615615329,79,28.4167,-100.7667,73.99,5.99
523,jumla,100,NP,1615615329,39,29.2747,82.1838,57.13,4.03
524,islahiye,0,TR,1615615329,56,37.025,36.6306,50.0,3.44
525,carauari,100,BR,1615615330,97,-4.8828,-66.8958,72.3,0.92
526,rakaia,0,NZ,1615615330,72,-43.75,172.0167,62.01,5.99
527,ketchikan,90,US,1615615330,100,55.3422,-131.6461,33.8,9.22
528,tomatlan,0,MX,1615615330,72,19.9333,-105.25,65.21,1.95
529,calamar,40,CO,1615615330,78,10.2511,-74.9146,78.8,11.5
530,yenagoa,63,NG,1615615331,90,4.9247,6.2642,77.04,2.64
531,matay,4,EG,1615615277,67,28.419,30.7792,54.27,13.78
532,viedma,0,AR,1615615331,54,-40.8135,-62.9967,63.27,6.8
533,barstow,90,US,1615615331,49,34.8986,-117.0228,48.2,11.5
534,sandnessjoen,90,NO,1615615332,75,66.0217,12.6316,37.4,3.44
535,chikoy,,,,,,,,
536,ambulu,87,ID,1615615332,67,-8.345,113.6058,85.71,10
537,whitehorse,75,CA,1615615332,61,60.7161,-135.0538,5.0,11.5
538,vardo,99,NO,1615615332,84,70.3705,31.1107,22.64,15.5
539,sur,10,OM,1615615333,22,22.5667,59.5289,91.99,17.11
540,barranca,0,PE,1615615318,90,-10.75,-77.7667,69.66,3.33
541,wattegama,75,LK,1615615333,79,6.7989,81.4808,86.0,12.66
542,malartic,90,CA,1615615269,78,48.1335,-78.1328,7.0,12.66
543,kizner,8,RU,1615615333,88,56.2749,51.508,13.21,9.44
544,tabiauea,,,,,,,,
545,saintes,90,FR,1615615211,82,45.6667,-0.75,51.8,19.57
546,mao,0,ES,1615615334,81,39.8885,4.2658,46.4,8.05
547,nsukka,20,NG,1615615334,78,6.8561,7.3927,80.6,2.3
548,ola,3,RU,1615615334,77,59.5833,151.2833,8.96,3.33
549,port hedland,70,AU,1615615334,66,-20.3167,118.5667,89.6,13.8
550,homer,1,US,1615615334,45,59.6425,-151.5483,17.6,12.21
551,burnie,100,AU,1615615335,73,-41.0667,145.9167,57.99,5.01
552,rognan,75,NO,1615615335,64,67.0953,15.3878,35.6,20.71
553,biak,99,ID,1615615335,68,-0.9131,122.8766,84.06,2.48
554,guerrero negro,0,MX,1615615336,67,27.9769,-114.0611,54.63,13.4
555,sistranda,0,NO,1615615336,69,63.7256,8.834,35.6,11.5
556,zalantun,27,CN,1615615336,21,48.0,122.7167,55.18,9.4
557,qui nhon,12,VN,1615615336,68,13.7667,109.2333,80.55,16.75
558,falmouth,75,GB,1615615337,81,50.1544,-5.0711,44.6,33.38
559,warwick,1,US,1615615337,37,41.7001,-71.4162,48.2,26.46
560,corn island,6,NI,1615615337,77,12.1694,-83.0418,79.77,19.15
561,conceicao do araguaia,100,BR,1615615337,91,-8.2578,-49.2647,73.15,1.36
562,kamariotissa,20,GR,1615615338,93,40.4833,25.4667,42.8,2.3
563,taubate,8,BR,1615615338,97,-23.0264,-45.5553,64.44,1.99
564,eyl,64,SO,1615615073,69,7.9803,49.8164,80.13,13.47
565,acajutla,51,SV,1615615338,67,13.5928,-89.8275,79.66,2.44
566,baruun-urt,10,MN,1615615339,32,46.6806,113.2792,49.95,16.58
567,qinnan,90,CN,1615615339,48,33.2531,119.9133,59.7,2.77
568,van,20,TR,1615615339,59,38.4924,43.3831,30.2,2.3
569,senneterre,90,CA,1615615339,78,48.3835,-77.2328,6.8,12.66
570,eatonton,1,US,1615615340,82,33.3268,-83.3885,57.2,4.07
571,rolla,90,US,1615615340,93,37.9514,-91.7713,45.0,3.44
572,kushiro,0,JP,1615615340,75,42.975,144.3747,37.4,11.5
573,cap malheureux,6,MU,1615615340,63,-19.9842,57.6142,84.99,10
574,pakala,20,IN,1615615340,37,13.4667,79.1167,87.8,8.77
575,patrai,,,,,,,,
576,kanelovskaya,100,RU,1615615341,75,46.5908,39.19,27.57,11.32
577,sambava,0,MG,1615615341,68,-14.2667,50.1667,82.74,12.64
578,kamenskoye,,,,,,,,
579,caraquet,15,CA,1615615341,59,47.7941,-64.9386,30.2,13.8
580,margate,76,GB,1615615341,72,51.3813,1.3862,43.0,5.99
581,roma,20,US,1615615205,54,43.2128,-75.4557,28.99,19.57
582,goderich,50,CA,1615615291,68,43.7501,-81.7165,26.6,18.41
583,jalu,3,LY,1615615342,47,29.0331,21.5482,55.17,7.94
584,virden,100,US,1615615342,68,39.5009,-89.7679,46.0,7
585,nador,0,MA,1615615342,67,35.174,-2.9287,60.8,17.27
586,tual,92,ID,1615615343,74,-5.6667,132.75,82.11,9.06
587,liuli,98,TZ,1615615343,87,-11.0833,34.6333,75.81,6.69
588,lazaro cardenas,0,MX,1615615202,81,17.9583,-102.2,71.26,3.29
589,rawson,0,AR,1615615148,31,-43.3002,-65.1023,69.46,8.1
590,heihe,0,CN,1615615343,29,50.2441,127.4902,50.0,11.18
591,glubokoe,,,,,,,,
592,lesnoye,99,RU,1615615344,89,58.2841,35.5158,23.79,12.5
593,sao joao,60,BR,1615615344,98,-8.8756,-36.3667,65.28,4.56
594,sochaczew,68,PL,1615615344,99,52.2294,20.2384,37.99,17.72
595,xuzhou,56,CN,1615615344,49,34.1805,117.1571,61.88,5.37
596,fort-shevchenko,38,KZ,1615615345,59,44.5086,50.263,25.59,13.65
597,dzhusaly,,,,,,,,
598,tucupita,77,VE,1615615345,98,9.0622,-62.051,70.75,2.57
599,khonsa,4,IN,1615615345,32,27.0167,95.5667,80.55,4.05
600,tsogni,91,GA,1615615345,92,-2.7942,10.0988,74.25,4.65
601,yairipok,20,IN,1615615346,57,24.6667,94.0667,75.2,4.61
602,babanusah,,,,,,,,
603,corinto,0,GR,1615615346,58,37.9407,22.9573,52.0,1.01
